<?xml version="1.0" encoding="UTF-8"?>
<bio:treatment>
  <meta>
    <source>
      <title>FNA V25</title>
      <author>P.W. Michael</author>
    </source>
  </meta>
  <number>25.07</number>
  <taxon_identification status="ACCEPTED">
    <rank>genus</rank>
    <name_authority_date>ECHINOCHLOA P. Beauv.</name_authority_date>
  </taxon_identification>
  <description type="morphology">Plants annual or perennial; with or without rhizomes. Culms 10-460 cm, prostrate, decumbent or erect, distal portions sometimes floating, sometimes rooting at the lower nodes; nodes usually glabrous; internodes hollow or solid. Sheaths open, compressed; auricles absent; ligules usually absent but, if present, of hairs; blades linear to linear-lanceolate, usually more than 10 times longer than wide, flat, with a prominent midrib. Inflorescences terminal, panicles of simple or compound spikelike branches attached to elongate rachises, axes not terminating in a bristle, spikelets subsessile, densely packed on the angular branches; disarticulation below the glumes (cultivated taxa not or tardily disarticulating). Spikelets plano-convex, with 2(3) florets; lower florets sterile or staminate; upper florets bisexual, dorsally compressed. Glumes membranous; lower glumes usually 1/4 - 2/5 as long as the spikelets (varying to more than 1/2 as long), unawned to minutely awn-tipped; upper glumes unawned or shortly awned; lower lemmas similar to the upper glumes in length and texture, unawned or awned, awns to 60 mm; lower paleas vestigial to well-developed; upper lemmas coriaceous, dorsally rounded, mostly smooth, apices short or elongate, firm or membranous, unawned; upper paleas free from the lemmas at the apices; lodicules absent or minute; anthers 3. Caryopses ellipsoid, broadly ovoid or spheroid; embryos usually 0.7-0.9 times as long as the caryopses. x = 9. </description>
  <discussion>Echinochloa is a tropical to warm-temperate genus of 40-50 species that are usually associated with wet or damp places. Many of the species are difficult to distinguish because they tend to intergrade. Some of the characters traditionally used for distinguishing taxa, e.g., awn length, are affected by the amount of moisture available; others reflect selection by cultivation, e.g., non-disarticulation in grain taxa, mimicry of rice as weeds of rice fields. There are 13 species in the Flora region: five native and one possibly native, four established, two grown as commercial crops, and one in research.
In North America, the most abundant species appears to be the introduced, weedy Echinochloa crus-galli, which closely resembles the native E. muricata. The confusion between the two species has caused them to be treated as the same species. This confusion is probably reflected in the mapping of both E. crus-galli and E. muricata. Echinochloa frumentacea and E. esculenta are grown for grain in India and in China and Japan, respectively, but not in North America. Echinochloa oryzoides and E. oryzicola are weeds whose success and distribution reflects their adaptation to the periodic inundations of commercial rice fields.
Cytogenetic data suggest that Echinochloa frumentacea and E. esculenta are domesticated derivatives of E. crus-galli and E. colona, respectively (Yabuno 1962) and that E. oryzoides is very closely related to E. crus-galli (Yabuno 1984). Yabuno (1966) suggested that E. crus-galli is an allohexaploid produced by natural hybridization between the tetraploid E. oryzicola with a not-yet-discovered diploid species of Echinochloa and subsequent chromosome doubling. Studies using seed protein electrophoresis and isozyme analyses (Kim et al. 1989; Gonzalez-Andres et al. 1996; Asins et al. 1999), and molecular studies involving RAPD markers and DNA sequences (Hilu 1994; Roy et al. 2000) or PCR-RFLP techniques (Yasuda et al. 2001), will help in clarifying the phylogenetic problems in Echinochloa, providing that proper attention is paid to the morphological characterization of the plant materials used and that voucher specimens are preserved.
</discussion>
  <references>Asms, M.J., J.L. Carretero, A. Del Busto, E.A. Carbonell, and D. Gomez de Barreda. 1999. Morphologic and isozyme variation in barnyard grass (Echinochloa) weed species. Weed Technol. 13:209-215; Barrett, S.C.H. and D.E. Seaman. 1980. The weed flora of California rice fields. Aquatic Bot. 9:351-376; Carretero, J.L. 1981. El genero Echinochloa Beauv. en el sudeste de Europa. Anales Jard. Bot. Madrid 38:91-108; Fishbein, M. 1995. Noteworthy collections: Arizona. Madrono 42:83; Gonzalez-Andres, E, J.M. Pita, and J.M. Ortiz. Caryopsis isoenzymes of Echinocloa [sic] weed species as an aid for taxonomic discrimination. J. Hort. Sci. 71:187-193; Gould, F.W., M.A. Ali, and D.E. Fairbrothers. 1972. A revision of Echinochloa in the United States. Amer. Midi. Naturalist 87:36-59; Hilu, K.W. 1994. Evidence from RAPD markers in the evolution of Echinochloa millets (Poaceae). PI. Syst. Evol. 189:247-257; Hitchcock, A.S. 1913. Mexican grasses in the United States National Herbarium. Contr. U.S. Natl. Herb. 173:181-389; Jauzein, P. 1993. Le genre Echinochloa en Camargue. Monde PL 88, no. 446:1-5; Kim, K.V., J.H. Kim, and I.J. Lee. 1989. Biochemical identification of Echinochloa species collected in Korea. Proc. Conf. Asian-Pacific Weed Sci. Soc. 12th [Proc. II]:519-531; Kobayashi, H. and S. Sakamoto. 1990. Weed-crop complexes in cereal culthation. Pp. 67-80 in S. Kawano (ed.). Biological Approaches and Evolutionary Trends in Plants. Academic Press, London, England and San Diego, California, U.S.A. 417 pp.; Michael, P.W. 1983. Taxonomy and distribution of Echinochloa species with a special reference to their occurrence as weeds of rice. Pp. 291-306 in International Rice Research Institute. Proc. Conf. Weed Control in Rice (31 Aug.-4 Sept. 1981). International Rice Research Institute, Los Bafios, Laguna, Philippines. 422 pp.; Michael, P.W. 2001. The taxonomy and distribution of Echinochloa species (barnyard grasses) in the Asian-Pacific region, with a review of pertinent biological studies. Proc. Conf. Asian-Pacific Weed Sci. Soc. 18th [Proc. I]:57-66; Roy, S., J.-P. Simon, and F.-J. Lapointe. 2000. Determination of the origin of the cold-adapted populations of barnyard grass (Echinochloa crus-galli) in east¬ern North America: A total-evidence approach using RAPD DNA and DNA sequences. Canad. J. Bot. 78:1505-1513; Vickery, J.W. 1975. Echinochloa Beauv. Pp. 189-211 in J.W. Vickery. Flora of New South Wales, No. 19, Gramineae, Part 2 (ed. M.D. Tindale). New South Wales Department of Agriculture, Contributions from the New South Wales National Herbarium Flora Series. National Herbarium of New South Wales, Sydney, New South Wales, Australia. 181 pp.; Wunderlin, R.P. 1988. Guide to the Vascular Plants of Florida. University Press of Florida, Gainesville, Florida, U.S.A. 806 pp.; Yabuno, T. 1962. Cytotaxonomic studies on the two cultivated species and the wild relatives in the genus Echinochloa. Cytologia 27:296-305; Yabuno, T. 1966. Biosystematic study of the genus Echinochloa. J. Jap. Bot. 19:277-323; Yabuno, T. 1984. A biosystematic study on Echinochloa oryzoides (Ard.) Fritsch. Cytologia 49:673-678; Yabuno, T. and H. Yamaguchi. 1996. Hie no hakubut-sugaku [A natural history of Echinochloa]. Dow Chemicals and Dow Elanco, Tokyo, Japan. 196 pp. [In Japanese]; Yasuda, K., A. Yano, Y. Nakayama, and H. Yamaguchi. 2001. Identification of Echinochloa oryzicola and E. crus-galli using PCR-RFLP technique. [Abstract.] J. Weed Sci. Technol. 46, Suppl.:204-205. [Text in Japanese, title in Japanese and English].</references>
  <key>
    <key_discussion>NOTE: In this treatment, measurements of the spikelets do not include the awns. The color of the cary-opses is based on fully ripe caryopses. Chromosome numbers cited in this treatment are only those which are confidently believed to refer to the species described here.</key_discussion>
    <key_body>
1. Ligules of stiff hairs present on the lower leaves; lower florets staminate; plants perennial. 
2. Plants without scaly rhizomes, sometimes rooting at the lower nodes; lower lemmas usually awned, sometimes merely apiculate; known outside of experimental plantings .....1.E. polystachya
2. Plants with short, scaly rhizomes; lower lemmas unawned, sometimes long-cuspidate; in the Flora region, known only from experimental plantings .....2. E. pyramidalis
1. Ligules almost always absent from all leaves, the ligule region sometimes pubescent; lower florets sterile or staminate; plants usually annual, sometimes short-lived perennials.
3. Lower lemmas usually unawned; spikelets, particularly those near the base of the panicles, not disarticulating at maturity; upper lemmas wider and longer than the upper glumes at maturity and, hence, exposed at maturity.
4. Spikelets always green and pale at maturity, their apices usually obtuse, varying to acute; rachis nodes not or only sparsely hispid with papillose-based hairs; caryopses whitish.....9. E. frumentacea
4. Spikelets purplish to blackish-brown at maturity, their apices obuse to shortly acute; rachis nodes densely hispid with papillose-based hairs; caryopses brownish  .....11. E. esculenta
3. Lower lemmas often awned; spikelets disarticulating at maturity; upper lemmas not or scarcely exceeding the upper glumes in length and width at maturity.
5. Plants essentially obligate weeds of rice, growing in the fields; culms erect, densely tufted; spikelets 3.7-7 mm long; plants resembling rice in their vegetative growth.
6. Panicles horizontal or drooping at maturity; spikelets broadly ovate to ovate; lower lemmas usually awned; caryopses 1.9-3 mm long, the embryos 70-85% as long as the caryopses   .....12. E. oryzoides
6. Panicles erect to slightly drooping; spikelets ovate-elliptical; lower lemmas awned or not; caryopses 1.7-2.6 mm long, the embryos 89-98% as long as the caryopses .....13. E.  oryzicola
5. Plants not obligate weeds of rice, found in summer crops and wet places, and often in rice fields; culms sprawling, decumbent or erect; spikelets 2-5 mm long; plants occasionally resembling rice vegetatively but, if so, the spikelets less than 3 mm long.
7. Lower florets staminate; anthers of the upper florets 1.2-1.7 mm long.....3. E. paludigena
7. Lower florets sterile; anthers of the upper florets 0.5-1.2 mm long.
8. Panicle branches 0.7-2(4) cm long, without secondary branches; spikelets 2-3 mm long, unawned .....8. E.  colona
8. Panicle branches 1-14 cm long, usually rebranched, the secondary branches often short and inconspicuous; spikelets 2.5-5 mm long, awned or unawned.
9. Upper lemmas broadly ovate to elliptical, if elliptical, each with a line of minute (need 25x magnification) hairs across the base of the early-withering tips.
10. Upper lemmas with rounded or broadly acute coriaceous apices that pass abruptly into a membranous tip, a line of minute hairs present at the base of the tip .....10. E. crus-galli
10. Upper lemmas with acute or acuminate coriaceous apices that extend into the membranous tip, without hairs at the base of the tip .....4. E. muricata
 
 
9. Upper lemmas narrowly ovate to elliptical, never with a line of minute hairs across the base of the early-withering, membranous tips. 
11. Spikelets 2.5-3.4 mm long; lower lemmas unawned or with awns 3-10(15) mm long, curved .....6. E. crus-pavonis
11. Spikelets 3-5 mm long; lower lemmas usually with awns 8-25 mm long, typically straight.
12. Blades 10-35(60) mm wide; sheaths usually hispid and the margins ciliate with prominent papillose-based hairs, sometimes the sheaths only papillose; lower lemmas awned, the awns 8-25(60) mm long; common in the eastern portion of the Flora region .....5. E. walteri
12. Blades 5-10 mm wide; sheaths glabrous or with papillose-based hairs; lower lemmas unawned or awned, the awns 8-16(50) mm long; in the Flora region, known only from southern Arizona.....7.E. oplismenoides
 

    </key_body>
  </key>
</bio:treatment>
