<?xml version="1.0" encoding="UTF-8"?>
<bio:treatment>
  <meta>
    <source>
      <title>FNA V25</title>
    </source>
  </meta>
  <number></number>
  <taxon_identification status="ACCEPTED">
    <rank>variety</rank>
    <name_authority_date>1. Spikelets 2.5-3.8 mm long; lower lemmas unawned or awned, the awns to 10 mm long  	var. microstachya
1. Spikelets 3.5-5 mm long; lower lemmas usually awned, the awns 6-16 mm long 	var. muricata
</name_authority_date>
  </taxon_identification>
  <common_names>ECHINOCHLOA PIQUANT</common_names>
  <description type="morphology">Spikelets 2.5-3.8 mm. Lower glumes 0.9-1.6 mm; upper glumes 2.8-3.8 mm; lower lemmas unawned or awned, awns to 10 mm; anthers 0.4-0.7 mm.</description>
  <discussion>Echinochloa muricata var. microstachya is the common variety in the western part of North America, extending east to the Missouri River and the Texas panhandle.</discussion>
</bio:treatment>
