<?xml version="1.0" encoding="UTF-8"?>
<bio:treatment>
  <meta>
    <source>
      <title>FNA V25</title>
    </source>
  </meta>
  <number></number>
  <taxon_identification status="ACCEPTED">
    <rank>subspecies</rank>
    <name_authority_date>Dichanthelium commutatum subsp. joorii (Vasey) Freckmann & Lelong</name_authority_date>
  </taxon_identification>
  <description type="morphology">Plants from loose caudices or with knotty or loose rhizomes. Culms decumbent or sprawling, glabrous, sometimes glaucous, sometimes purplish. Basal blades large, usually 8-14 cm long, 7-22 mm wide. Cauline blades 8-25 mm wide, 4-8 times longer than wide, thin, ovate-lanceolate, often glaucous, strongly asymmetric-falcate. Spikelets 2.9-3.2 mm. Lower glumes about 1/4 as long as the spikelets; lower lemmas pointed.</description>
  <discussion>Dichanthelium commutatum subsp. joorii grows in wet woodlands and swamps. Its range extends into Mexico.</discussion>
</bio:treatment>
