<?xml version="1.0" encoding="UTF-8"?>
<bio:treatment>
  <meta>
    <source>
      <title>FNA V25</title>
    </source>
  </meta>
  <number></number>
  <taxon_identification status="ACCEPTED">
    <rank>subspecies</rank>
    <name_authority_date>Dichanthelium chamaelonche (Trin.) Freckmann & Lelong subsp. chamaelonche</name_authority_date>
  </taxon_identification>
  <description type="morphology">Culms 10-45 cm, glabrous. Cauline sheaths glabrous; blades flat or involute, glabrous on both surfaces. Primary panicles well-exserted above the basal tuft of blades. Spikelets 1.1-1.4 mm, glabrous. 2n = 18.</description>
  <discussion>Dichanthelium chamaelonche subsp. chamaelonche grows from North Carolina to Florida and Louisiana.</discussion>
</bio:treatment>
