<?xml version="1.0" encoding="UTF-8"?>
<bio:treatment>
  <meta>
    <source>
      <title>FNA V25</title>
    </source>
  </meta>
  <number></number>
  <taxon_identification status="ACCEPTED">
    <rank>subspecies</rank>
    <name_authority_date>Dichanthelium aciculare subsp. fusiforme (Hitchc.) Freckmann & Lelong</name_authority_date>
  </taxon_identification>
  <description type="morphology">Resembles subsp. angustifolium vegetatively except that the culms are often taller and more slender. Panicle branches ascending, not appearing 1-sided. Spikelets 2.9-3.6 mm, fusiform, bases strongly attenuate, apices pointed or beaked, lower glumes attached 0.3-0.5 mm below the upper glumes.</description>
  <discussion>Dichanthelium aciculare subsp. fusiforme grows in sandy pine or oak savannahs. It tends to replace D. aciculare subsp. angustifolium from southern Florida through Central America and the Antilles.</discussion>
</bio:treatment>
