<?xml version="1.0" encoding="UTF-8"?>
<bio:treatment>
  <meta>
    <source>
      <title>FNA V25</title>
    </source>
  </meta>
  <number></number>
  <taxon_identification status="ACCEPTED">
    <rank>subspecies</rank>
    <name_authority_date>Dichanthelium strigosum subsp. leucoblepharis (Trin.) Freckmann & Lelong</name_authority_date>
  </taxon_identification>
  <description type="morphology">Culms usually 5-30 cm, glabrous or sparsely pubescent; nodes glabrous. Cauline blades glabrous. Spikelets 1.6-2.1 mm, broadly ellipsoid, pubescent; lower glumes about 1/2 as long as the spikelets. 2n = unknown.</description>
  <discussion>Dichanthelium strigosum subsp. leucoblepharis grows in low, moist, sandy pinelands and bogs. Its range extends from North Carolina along the coastal plain to Florida and eastern Texas and into Mexico.</discussion>
</bio:treatment>
