<?xml version="1.0" encoding="UTF-8"?>
<bio:treatment>
  <meta>
    <source>
      <title>FNA V25</title>
    </source>
  </meta>
  <number></number>
  <taxon_identification status="ACCEPTED">
    <rank>species</rank>
    <name_authority_date>Eragrostis frankii C.A. Mey. ex Steud. </name_authority_date>
  </taxon_identification>
  <common_names>SANDBAR LOVEGRASS, ÉRAGROSTIDE DE FRANK</common_names>
  <description type="morphology">Plants annual; cespitose, without innovations. Culms 10-50 cm, erect to geniculate, glabrous, often with glandular pits below the nodes. Sheaths mostly glabrous, apices hirsute, hairs to 4 mm, often also with glandular pits; ligules 0.2-0.5 mm, ciliate; blades (2)4-10(21) cm long, 1-4 mm wide, flat to involute, glabrous abaxially, scabridu-lous adaxially. Panicles 4-20 cm long, less than 1/2 the height of the plants, 2-10(14) cm wide, narrowly elliptic, open; primary branches 2-6 cm, compact, diverging 20-70° from the rachises, capillary, sometimes with glan¬dular pits, naked basally; pulvini glabrous; pedicels 1.5-5 mm, divergent. Spikelets (1.7)2-4(5.6) mm long, 1-2(2.5) mm wide, broadly ovate to lanceolate, plumbeous to reddish-purple, with 3-6 florets; disarticulation acropetal, paleas persistent. Glumes narrowly lanceolate to lanceolate, hyaline; lower glumes 1-1.5 mm; upper glumes 1-1.8 mm; lemmas 1.1-1.6 mm, broadly ovate, membranous, lateral veins inconspicuous, apices acute; paleas 1-1.5 mm, hyaline, keels scabridulous, apices obtuse; anthers 2 or 3, 0.2-0.3 mm, purplish. Caryopses 0.4-0.7 mm, ovoid to rectangular-prismatic, striate, reddish-brown, adaxial surfaces flat or shallowly grooved, distal 2/3 opaque. 2n = 40, 80.</description>
  <discussion>Eragrostis frankii is native in the central and eastern United States, but it has been found, as an introduction, in southern Ontario, and appears to be increasingly common in the northeastern United States. It grows in moist meadows, along streams and sand bars, in forest openings, and along roadsides, at 5-1500 m, usually in association with Pinus, Quercus, Acer, and Fagus grandiflora. The record from Santa Fe County, New Mexico, is based on a specimen collected by Fendler in 1847; there are no other collections from the state. Fendler's specimens seem to represent either an accidental introduction that did not become established or a labeling error.
Eragrostis frankii is similar to E. capillaris, but differs in its frequent possession of glandular pits, its flat or more shallowly grooved caryopses, shorter pedicels, and glabrous sheath margins, and in having panicles that are usually less than half as long as the culms.
</discussion>
</bio:treatment>
