<?xml version="1.0" encoding="UTF-8"?>
<bio:treatment>
  <meta>
    <source>
      <title>FNA V25</title>
    </source>
  </meta>
  <number>4</number>
  <taxon_identification status="ACCEPTED">
    <rank>species</rank>
    <name_authority_date>Panicum flexile (Gatt.) Scribn.</name_authority_date>
  </taxon_identification>
  <common_names>WIRY WITCHGRASS, PANIC FLEXIBLE</common_names>
  <description type="morphology">Plants annual; delicate, green or yellow-green. Culms 10-75 cm, about 1 mm thick, simple or with erect basal branches; nodes densely pilose, hairs ascending; internodes glabrous or shortly pubescent distally. Sheaths longer than the internodes, green to purplish, hispid, margins sparsely ciliate; ligules 0.5-1.5 mm; blades 3-32 cm long, 1-7 mm wide, ascending to erect, linear, narrowing basally, flat or the margins involute, surfaces sparsely hirsute or pilose (rarely glabrous), hairs near the base papillose-based, margins prominent, apices acute. Panicles 5-45 cm long, 1-6 cm wide, at least 1/2 as long as the plants and 3 times longer than wide, open; rachises glabrous; primary branches usually alternate or subopposite, ascending to slightly divergent, secondary branches and pedicels attached to the distal 2/3; secondary branches diverging; pedicels 0.5-17 mm, ascending to appressed. Spikelets 2.5 - 3.7 mm long, 0.6-1.1 mm wide, narrowly ovoid, glabrous, acute; lower glumes 0.8-1.3 mm, 1/3 – 1/2 as long as the spikelets, acuminate; upper glumes 2.3-3.3 mm, 7-9-veined, exceeding the upper florets by about 0.6 mm; lower florets sterile; lower lemmas 2.2-2.7 mm, exceeding the upper florets by about 0.6 mm, 7- or 9-veined, apices scabridulous, pointed; lower paleas absent; upper florets 1.6-1.7 mm long, about 0.6 mm wide, usually smooth, usually pale,  sometimes  becoming  dark  at maturity. 2n = 18.</description>
  <discussion>Panicum flexile grows in fens and other calcareous wetlands, in dry, calcareous or mafic rock barrens, and in open woodlands, especially on limestone derived soils. It is restricted to the Flora region.</discussion>
</bio:treatment>
