<?xml version="1.0" encoding="UTF-8"?>
<bio:treatment>
  <meta>
    <source>
      <title>FNA V25</title>
    </source>
  </meta>
  <number></number>
  <taxon_identification status="ACCEPTED">
    <rank>subspecies</rank>
    <name_authority_date>Panicum hirticaule subsp. stramineum (Hitchc. & Chase) Freckmann & Lelong</name_authority_date>
  </taxon_identification>
  <description type="morphology">Culms 20-70 cm, robust, usually freely branching; nodes glabrous or sparsely hirsute, hairs papillose-based. Sheaths glabrous or sparsely hirsute, hairs papillose-based; blades 4-30 mm wide, glabrous or sparsely hirsute, hairs papillose-based, cordate, clasping basally. Panicles nodding. Spikelets 3.2-4 mm; lower paleas more than 1/2 as long as the upper florets. 2n = unknown.</description>
  <discussion>Panicum hirticaule subsp. stramineum grows in rich bottomlands in southern Arizona, New Mexico, and western Mexico.</discussion>
</bio:treatment>
