<?xml version="1.0" encoding="UTF-8"?>
<bio:treatment>
  <meta>
    <source>
      <title>FNA V25</title>
    </source>
  </meta>
  <number></number>
  <taxon_identification status="ACCEPTED">
    <rank>subspecies</rank>
    <name_authority_date>Panicum hallii subsp. filipes (Scribn.) Freckmann & Lelong</name_authority_date>
  </taxon_identification>
  <description type="morphology">Plants often taller than subsp. hallii, sparsely pubescent to almost glabrous. Blades relatively lax, ascending to spreading, not strongly clustered basally or curling at maturity. Panicles scarcely exceeding the blades, with more closely spaced spikelets than in subsp. hallii; main branches rarely whorled, more crowded. Spikelets 2.1-3 mm.</description>
  <discussion>Panicum hallii subsp. filipes often grows in moist soil. Its range extends from Arizona, Texas, and Louisiana to southern Mexico.</discussion>
</bio:treatment>
