<?xml version="1.0" encoding="UTF-8"?>
<bio:treatment>
  <meta>
    <source>
      <title>FNA V25</title>
    </source>
  </meta>
  <number></number>
  <taxon_identification status="ACCEPTED">
    <rank>section</rank>
    <name_authority_date>Panicum sect. Monticola Stapf</name_authority_date>
  </taxon_identification>
  <description type="morphology">Plants annual or perennial. Culms usually weak, decumbent. Ligules membranous and ciliate, or lacerate. Panicles usually diffuse, sometimes contracted. Spikelets ellipsoid to obovoid, glabrous or pilose, veins evident. Lower glumes 1/3-1/2 as long as the spikelets, 0-3-veined; upper glumes and lower lemmas 3-5-veined; lower florets sterile; lower paleas small or absent; upper florets rugose, with bicellular microhairs. x = 9.</description>
  <discussion>Three species of Panicum sect. Monticola grow in the Western Hemisphere. Two species grow in the Flora region, one of which is native to Asia.</discussion>
</bio:treatment>
