<?xml version="1.0" encoding="UTF-8"?>
<bio:treatment>
  <meta>
    <source>
      <title>FNA V25</title>
    </source>
  </meta>
  <number>2</number>
  <taxon_identification status="ACCEPTED">
    <rank>species</rank>
    <name_authority_date>Eriochloa villosa (Thunb.) Kunth </name_authority_date>
  </taxon_identification>
  <common_names>ÉRIOCHLOÉ VELUE</common_names>
  <description type="morphology">Plants annual. Culms 30-100 cm, erect or decumbent, sometimes rooting at the lower nodes; nodes and internodes pubescent. Sheaths sometimes inflated, glabrous or pubescent; ligules 0.5-1 mm; blades 10-20 cm long, 5-12 mm wide, flat, adaxial surfaces hairy. Panicles 3-16 cm long, 1-3 cm wide; rachises villous; branches 2-8, 20-70 mm long, 0.8-1.1 mm wide, velutinous, sometimes winged, with 11-24 solitary spikelets (occasionally paired proximally); pedicels 0.5-1 mm, densely villous below, often with long hairs intermixed with the short hairs, apices with more than 12 hairs of 1.5-2.5 mm. Spikelets 3.9-5.2 mm long, 2-2.5 mm wide, ovate to elliptic. Lower glumes occasionally present as a scale; upper glumes equaling the lower lemmas, ovate to elliptic, glabrous or pubescent, 7-veined; lower lemmas 3.4-5 mm long, 2-2.5 mm wide, 5-veined, acute to apiculate, unawned; lower paleas absent; anthers absent; upper lemmas 3.5-5 mm, ovate to elliptic, acute to apiculate. 2n = 54.</description>
  <discussion>Eriochloa villosa is a weedy species of eastern Asia that has been found at scattered locations in the Flora region.</discussion>
</bio:treatment>
