<?xml version="1.0" encoding="UTF-8"?>
<bio:treatment>
  <meta>
    <source>
      <title>FNA V24</title>
    </source>
  </meta>
  <number></number>
  <taxon_identification status="ACCEPTED">
    <rank>variety</rank>
    <name_authority_date>Melica geyeri var. aristulata J.T. Howell </name_authority_date>
  </taxon_identification>
  <description type="morphology">Lemmas toothed, awned from between the teeth, awns 0.5-2 mm.</description>
  <discussion>Melica. geyeri var. aristulata grows in Marin, and possibly Shasta, counties in California.</discussion>
</bio:treatment>
