<?xml version="1.0" encoding="UTF-8"?>
<bio:treatment>
  <meta>
    <source>
      <title>FNA V24</title>
    </source>
  </meta>
  <number></number>
  <taxon_identification status="ACCEPTED">
    <rank>variety</rank>
    <name_authority_date>Melica geyeri Munro var. geyeri</name_authority_date>
  </taxon_identification>
  <description type="morphology">Lemmas apices obtuse, unawned.</description>
  <discussion>Melica geyeri var. geyeri grows throughout the range of the species.</discussion>
</bio:treatment>
