<?xml version="1.0" encoding="UTF-8"?>
<bio:treatment>
  <meta>
    <source>
      <title>FNA V24</title>
    </source>
  </meta>
  <number></number>
  <taxon_identification status="ACCEPTED">
    <rank>subspecies</rank>
    <name_authority_date>Bromus hordeaceus subsp. thominei (Hardouin) Braun-Blanq. </name_authority_date>
  </taxon_identification>
  <description type="morphology">Culms 2-16 cm. Panicles 1-3 cm, often reduced to 1 spikelet. Lemmas 6.5-7.5 mm, pubescent or glabrous, margins bluntly angled; awns sometimes divaricate at maturity. Caryopses shorter than the paleas.</description>
  <discussion>Bromus hordeaceus subsp. thominei grows along the Pacific coast of Canada, from the Queen Charlotte Islands to Vancouver Island, as well as at inland locations in British Columbia; it has also been recorded from California, Massachusetts, and Rhode Island.</discussion>
</bio:treatment>
